"title, company, location, apply-link"
"Senior Software Engineer, Artificial Intelligence",Charles River Analytics,"Watertown, MA",https://stackoverflow.com/jobs/327325
顧客向けSE/アプリ,株式会社アンタス,"札幌市, Japan",https://stackoverflow.com/jobs/342736
Software Development Engineer - AWS Elasticsearch,Amazon,"East Palo Alto, CA",https://stackoverflow.com/jobs/306859
EdTech 新規事業　インフラエンジニア,グロービス,"Chiyoda City, Japan",https://stackoverflow.com/jobs/327717
Ruby on Rails 開発エンジニア,株式会社Value,"Shinjuku City, Japan",https://stackoverflow.com/jobs/327709
サーバーサイドリードエンジニア / インターネット/Webサービス・ASP,BPM株式会社(旧名:桐株式会社),"Chiyoda City, Japan",https://stackoverflow.com/jobs/327686
データエンジニア / インターネット/Webサービス・ASP,株式会社 FORCAS,"Minato City, Japan",https://stackoverflow.com/jobs/327668
データサイエンティスト(経験者) / インターネット/Webサービス・ASP,DATUM STUDIO 株式会社,"Shinjuku City, Japan",https://stackoverflow.com/jobs/327667
オープン系開発SE/PG ドローン支給 AI講習を実施 受託案件・自社内開発多数 Pepperアプリコンテスト最優秀賞2連続受賞,フューブライト・コミュニケーションズ株式会社,"Chuo City, Japan",https://stackoverflow.com/jobs/327664
インフラエンジニア / システムインテグレータ・ソフトハウス,S&J 株式会社,"Minato City, Japan",https://stackoverflow.com/jobs/327642
ソフトウェアエンジニア(Web Application Backend : Scala / テックリ,type転職エージェント,"Shibuya City, Japan",https://stackoverflow.com/jobs/327585
WEBプログラマ(PHP/Python/Java)伏見駅5分,株式会社ジャスウィル,"Nagoya, Japan",https://stackoverflow.com/jobs/327577
WEBエンジニア(沖縄) / インターネット/Webサービス・ASP,シーサー 株式会社,"Ginowan, Japan",https://stackoverflow.com/jobs/327565
Lead- Data Scientist,Taazaa,"Noida, India",https://stackoverflow.com/jobs/342732
Android App Developer (4),Industrybuying,"New Delhi, India",https://stackoverflow.com/jobs/342729
Android Developer,Eckovation Soutions,"New Delhi, India",https://stackoverflow.com/jobs/342706
Android Application Developer,Badatya,"New Delhi, India",https://stackoverflow.com/jobs/342696
Sr. Unity Developer,Fluper Ltd,"Noida, India",https://stackoverflow.com/jobs/342688
Android Developer,24x7 INTERNET,"Noida, India",https://stackoverflow.com/jobs/342656
Web Application Developer,infySEC,"Chennai, India",https://stackoverflow.com/jobs/327563
Full Stack Developer,City Goddess Ltd,"Chennai, India",https://stackoverflow.com/jobs/327512
"Software Developer – (Php, MySql)",VR CAREERZ,"Chennai, India",https://stackoverflow.com/jobs/327421
Front End Developer,Unimas Consulting Solutions Pte Ltd,"Chennai, India",https://stackoverflow.com/jobs/327379
Dot Net Developer,META-i Technologies Pvt. Ltd.,"Bengaluru, India",https://stackoverflow.com/jobs/327334
Backend Developer,Mithi Software Technologies Pvt. Ltd.,"Pune, India",https://stackoverflow.com/jobs/327279
Senior Software Developer,ANSYS,"Pune, India",https://stackoverflow.com/jobs/327276
Technical Analyst (Java Developer),Coupa,"Pune, India",https://stackoverflow.com/jobs/327254
Software Developer (Java / Python ),Nityaobject,"Pune, India",https://stackoverflow.com/jobs/327227
Java Backend Developer,Triangle Global,"Pune, India",https://stackoverflow.com/jobs/327210
Java Developer - Apache Beam,IT Client of Aeronube,"Pune, India",https://stackoverflow.com/jobs/327189
Software Engineer,Maximojo Software Pvt Ltd.,"Pune, India",https://stackoverflow.com/jobs/327174
Java Developer,Yagna,"Pune, India",https://stackoverflow.com/jobs/327136
web developer,Career Care Guide,"Kolkata, India",https://stackoverflow.com/jobs/327035
Full Stack Developer,Vixplor Analytics,"Kolkata, India",https://stackoverflow.com/jobs/327018
Jr. PHP Developer,Frontend Arts,"Kolkata, India",https://stackoverflow.com/jobs/327015
Junior Web Developer / Web Developer - PHP,Openweb Solutions,"Kolkata, India",https://stackoverflow.com/jobs/326904
OPSYS - Sr. DEVELOPER,HiTech Placements IN,"Bengaluru, India",https://stackoverflow.com/jobs/326867
Full Stack Developer,Socedge,"Bengaluru, India",https://stackoverflow.com/jobs/326864
Fullstack Developer,Cumulations Technologies,"Bengaluru, India",https://stackoverflow.com/jobs/326862
Team lead - Software Engineer,SumTotal,"Hyderabad, India",https://stackoverflow.com/jobs/326795
Full Stack Developer,NBITS,"Hyderabad, India",https://stackoverflow.com/jobs/326789
UI-Angular Developer,Mintopps,"Hyderabad, India",https://stackoverflow.com/jobs/326711
Backend Engineer/Sr. Software Developer/Software Developer,Box8,"Bengaluru, India",https://stackoverflow.com/jobs/326591
Junior Java Developer,Benchire,"Bengaluru, India",https://stackoverflow.com/jobs/326576
Java Developer,Xpheno,"Bengaluru, India",https://stackoverflow.com/jobs/326556
Senior Software Developer,CLARCITY Travel & Expense,"Noida, India",https://stackoverflow.com/jobs/326546
Full Stack Developer,Algoscale,"Noida, India",https://stackoverflow.com/jobs/326534
Front End Developer,Tripoto,"New Delhi, India",https://stackoverflow.com/jobs/326527
Back-end Web Developer,Industrybuying,"New Delhi, India",https://stackoverflow.com/jobs/326461
Web Developer - PHP,Brain Technosys,"Noida, India",https://stackoverflow.com/jobs/326442
